Workbook

Sheet September 2026 vs Records
A1: FINDLAY AUTOMOTIVE GROUP — SEPTEMBER 2026 FIXED OPS GROSS vs ALL-TIME RECORDS
A2: Source: Qlik Fixed Ops - Accting TB (Family=FIXED GROSS), pulled Oct 8, 2026. History: Jan 2021 – Sep 2026. Rank = all-time rank of the September 2026 month for that store. Sorted by September 2026 combined gross.
B3: SERVICE | E3: PARTS | H3: SERVICE + PARTS
A4: Store | B4: Sep 2026 ($) | C4: Rank | D4: Record ($) | E4: Sep 2026 ($) | F4: Rank | G4: Record ($) | H4: Sep 2026 ($) | I4: Rank | J4: Record ($)
A5: TOYOTA HENDERSON FTH-10 | B5: =SUMIFS(Data!$E$2:$E$2227,Data!$A$2:$A$2227,$A5,Data!$B$2:$B$2227,2026,Data!$C$2:$C$2227,9) -> 1870796.2 | C5: =COUNTIFS(Data!$A$2:$A$2227,$A5,Data!$E$2:$E$2227,">"&B5)+1 -> 3 | D5: =SUMPRODUCT(MAX((Data!$A$2:$A$2227=$A5)*Data!$E$2:$E$2227)) -> 1975411.6 | E5: =SUMIFS(Data!$F$2:$F$2227,Data!$A$2:$A$2227,$A5,Data!$B$2:$B$2227,2026,Data!$C$2:$C$2227,9) -> 803123.01 | F5: =COUNTIFS(Data!$A$2:$A$2227,$A5,Data!$F$2:$F$2227,">"&E5)+1 -> 1 | G5: =SUMPRODUCT(MAX((Data!$A$2:$A$2227=$A5)*Data!$F$2:$F$2227)) -> 803123.01 | H5: =SUMIFS(Data!$G$2:$G$2227,Data!$A$2:$A$2227,$A5,Data!$B$2:$B$2227,2026,Data!$C$2:$C$2227,9) -> 2673919.2 | I5: =COUNTIFS(Data!$A$2:$A$2227,$A5,Data!$G$2:$G$2227,">"&H5)+1 -> 3 | J5: =SUMPRODUCT(MAX((Data!$A$2:$A$2227=$A5)*Data!$G$2:$G$2227)) -> 2716915.6
A6: CHEVY LV FCLV-17 | B6: =SUMIFS(Data!$E$2:$E$2227,Data!$A$2:$A$2227,$A6,Data!$B$2:$B$2227,2026,Data!$C$2:$C$2227,9) -> 1003183 | C6: =COUNTIFS(Data!$A$2:$A$2227,$A6,Data!$E$2:$E$2227,">"&B6)+1 -> 33 | D6: =SUMPRODUCT(MAX((Data!$A$2:$A$2227=$A6)*Data!$E$2:$E$2227)) -> 1317663.6 | E6: =SUMIFS(Data!$F$2:$F$2227,Data!$A$2:$A$2227,$A6,Data!$B$2:$B$2227,2026,Data!$C$2:$C$2227,9) -> 667009.88 | F6: =COUNTIFS(Data!$A$2:$A$2227,$A6,Data!$F$2:$F$2227,">"&E6)+1 -> 18 | G6: =SUMPRODUCT(MAX((Data!$A$2:$A$2227=$A6)*Data!$F$2:$F$2227)) -> 835344.78 | H6: =SUMIFS(Data!$G$2:$G$2227,Data!$A$2:$A$2227,$A6,Data!$B$2:$B$2227,2026,Data!$C$2:$C$2227,9) -> 1670192.8 | I6: =COUNTIFS(Data!$A$2:$A$2227,$A6,Data!$G$2:$G$2227,">"&H6)+1 -> 33 | J6: =SUMPRODUCT(MAX((Data!$A$2:$A$2227=$A6)*Data!$G$2:$G$2227)) -> 2076531
A7: HONDA HENDERSON SFH-1 | B7: =SUMIFS(Data!$E$2:$E$2227,Data!$A$2:$A$2227,$A7,Data!$B$2:$B$2227,2026,Data!$C$2:$C$2227,9) -> 1111952.1 | C7: =COUNTIFS(Data!$A$2:$A$2227,$A7,Data!$E$2:$E$2227,">"&B7)+1 -> 18 | D7: =SUMPRODUCT(MAX((Data!$A$2:$A$2227=$A7)*Data!$E$2:$E$2227)) -> 1295926.8 | E7: =SUMIFS(Data!$F$2:$F$2227,Data!$A$2:$A$2227,$A7,Data!$B$2:$B$2227,2026,Data!$C$2:$C$2227,9) -> 434841.68 | F7: =COUNTIFS(Data!$A$2:$A$2227,$A7,Data!$F$2:$F$2227,">"&E7)+1 -> 13 | G7: =SUMPRODUCT(MAX((Data!$A$2:$A$2227=$A7)*Data!$F$2:$F$2227)) -> 495404.7 | H7: =SUMIFS(Data!$G$2:$G$2227,Data!$A$2:$A$2227,$A7,Data!$B$2:$B$2227,2026,Data!$C$2:$C$2227,9) -> 1546793.8 | I7: =COUNTIFS(Data!$A$2:$A$2227,$A7,Data!$G$2:$G$2227,">"&H7)+1 -> 17 | J7: =SUMPRODUCT(MAX((Data!$A$2:$A$2227=$A7)*Data!$G$2:$G$2227)) -> 1791331.5
A8: AUDI HENDERSON FAH-18 | B8: =SUMIFS(Data!$E$2:$E$2227,Data!$A$2:$A$2227,$A8,Data!$B$2:$B$2227,2026,Data!$C$2:$C$2227,9) -> 927224.16 | C8: =COUNTIFS(Data!$A$2:$A$2227,$A8,Data!$E$2:$E$2227,">"&B8)+1 -> 8 | D8: =SUMPRODUCT(MAX((Data!$A$2:$A$2227=$A8)*Data!$E$2:$E$2227)) -> 1078560.8 | E8: =SUMIFS(Data!$F$2:$F$2227,Data!$A$2:$A$2227,$A8,Data!$B$2:$B$2227,2026,Data!$C$2:$C$2227,9) -> 460969.91 | F8: =COUNTIFS(Data!$A$2:$A$2227,$A8,Data!$F$2:$F$2227,">"&E8)+1 -> 3 | G8: =SUMPRODUCT(MAX((Data!$A$2:$A$2227=$A8)*Data!$F$2:$F$2227)) -> 591001.29 | H8: =SUMIFS(Data!$G$2:$G$2227,Data!$A$2:$A$2227,$A8,Data!$B$2:$B$2227,2026,Data!$C$2:$C$2227,9) -> 1388194.1 | I8: =COUNTIFS(Data!$A$2:$A$2227,$A8,Data!$G$2:$G$2227,">"&H8)+1 -> 4 | J8: =SUMPRODUCT(MAX((Data!$A$2:$A$2227=$A8)*Data!$G$2:$G$2227)) -> 1604751.2
A9: SUBARU LV SLV-16 | B9: =SUMIFS(Data!$E$2:$E$2227,Data!$A$2:$A$2227,$A9,Data!$B$2:$B$2227,2026,Data!$C$2:$C$2227,9) -> 679418.9 | C9: =COUNTIFS(Data!$A$2:$A$2227,$A9,Data!$E$2:$E$2227,">"&B9)+1 -> 20 | D9: =SUMPRODUCT(MAX((Data!$A$2:$A$2227=$A9)*Data!$E$2:$E$2227)) -> 783630.02 | E9: =SUMIFS(Data!$F$2:$F$2227,Data!$A$2:$A$2227,$A9,Data!$B$2:$B$2227,2026,Data!$C$2:$C$2227,9) -> 391170.44 | F9: =COUNTIFS(Data!$A$2:$A$2227,$A9,Data!$F$2:$F$2227,">"&E9)+1 -> 42 | G9: =SUMPRODUCT(MAX((Data!$A$2:$A$2227=$A9)*Data!$F$2:$F$2227)) -> 591204.67 | H9: =SUMIFS(Data!$G$2:$G$2227,Data!$A$2:$A$2227,$A9,Data!$B$2:$B$2227,2026,Data!$C$2:$C$2227,9) -> 1070589.3 | I9: =COUNTIFS(Data!$A$2:$A$2227,$A9,Data!$G$2:$G$2227,">"&H9)+1 -> 28 | J9: =SUMPRODUCT(MAX((Data!$A$2:$A$2227=$A9)*Data!$G$2:$G$2227)) -> 1286777.9
A10: HONDA NORTH FH-4 | B10: =SUMIFS(Data!$E$2:$E$2227,Data!$A$2:$A$2227,$A10,Data!$B$2:$B$2227,2026,Data!$C$2:$C$2227,9) -> 711304 | C10: =COUNTIFS(Data!$A$2:$A$2227,$A10,Data!$E$2:$E$2227,">"&B10)+1 -> 9 | D10: =SUMPRODUCT(MAX((Data!$A$2:$A$2227=$A10)*Data!$E$2:$E$2227)) -> 806776.87 | E10: =SUMIFS(Data!$F$2:$F$2227,Data!$A$2:$A$2227,$A10,Data!$B$2:$B$2227,2026,Data!$C$2:$C$2227,9) -> 351620.72 | F10: =COUNTIFS(Data!$A$2:$A$2227,$A10,Data!$F$2:$F$2227,">"&E10)+1 -> 3 | G10: =SUMPRODUCT(MAX((Data!$A$2:$A$2227=$A10)*Data!$F$2:$F$2227)) -> 359373.55 | H10: =SUMIFS(Data!$G$2:$G$2227,Data!$A$2:$A$2227,$A10,Data!$B$2:$B$2227,2026,Data!$C$2:$C$2227,9) -> 1062924.7 | I10: =COUNTIFS(Data!$A$2:$A$2227,$A10,Data!$G$2:$G$2227,">"&H10)+1 -> 6 | J10: =SUMPRODUCT(MAX((Data!$A$2:$A$2227=$A10)*Data!$G$2:$G$2227)) -> 1152022.1
A11: CADILLAC CAD-9 | B11: =SUMIFS(Data!$E$2:$E$2227,Data!$A$2:$A$2227,$A11,Data!$B$2:$B$2227,2026,Data!$C$2:$C$2227,9) -> 680943.6 | C11: =COUNTIFS(Data!$A$2:$A$2227,$A11,Data!$E$2:$E$2227,">"&B11)+1 -> 22 | D11: =SUMPRODUCT(MAX((Data!$A$2:$A$2227=$A11)*Data!$E$2:$E$2227)) -> 832147 | E11: =SUMIFS(Data!$F$2:$F$2227,Data!$A$2:$A$2227,$A11,Data!$B$2:$B$2227,2026,Data!$C$2:$C$2227,9) -> 345080.68 | F11: =COUNTIFS(Data!$A$2:$A$2227,$A11,Data!$F$2:$F$2227,">"&E11)+1 -> 5 | G11: =SUMPRODUCT(MAX((Data!$A$2:$A$2227=$A11)*Data!$F$2:$F$2227)) -> 400065.85 | H11: =SUMIFS(Data!$G$2:$G$2227,Data!$A$2:$A$2227,$A11,Data!$B$2:$B$2227,2026,Data!$C$2:$C$2227,9) -> 1026024.3 | I11: =COUNTIFS(Data!$A$2:$A$2227,$A11,Data!$G$2:$G$2227,">"&H11)+1 -> 13 | J11: =SUMPRODUCT(MAX((Data!$A$2:$A$2227=$A11)*Data!$G$2:$G$2227)) -> 1232212.9
A12: KIA LV FKLV-21 | B12: =SUMIFS(Data!$E$2:$E$2227,Data!$A$2:$A$2227,$A12,Data!$B$2:$B$2227,2026,Data!$C$2:$C$2227,9) -> 491527.94 | C12: =COUNTIFS(Data!$A$2:$A$2227,$A12,Data!$E$2:$E$2227,">"&B12)+1 -> 1 | D12: =SUMPRODUCT(MAX((Data!$A$2:$A$2227=$A12)*Data!$E$2:$E$2227)) -> 491527.94 | E12: =SUMIFS(Data!$F$2:$F$2227,Data!$A$2:$A$2227,$A12,Data!$B$2:$B$2227,2026,Data!$C$2:$C$2227,9) -> 235394.39 | F12: =COUNTIFS(Data!$A$2:$A$2227,$A12,Data!$F$2:$F$2227,">"&E12)+1 -> 19 | G12: =SUMPRODUCT(MAX((Data!$A$2:$A$2227=$A12)*Data!$F$2:$F$2227)) -> 301221.42 | H12: =SUMIFS(Data!$G$2:$G$2227,Data!$A$2:$A$2227,$A12,Data!$B$2:$B$2227,2026,Data!$C$2:$C$2227,9) -> 726922.33 | I12: =COUNTIFS(Data!$A$2:$A$2227,$A12,Data!$G$2:$G$2227,">"&H12)+1 -> 2 | J12: =SUMPRODUCT(MAX((Data!$A$2:$A$2227=$A12)*Data!$G$2:$G$2227)) -> 770405.77
A13: LR LV LRLV-3 | B13: =SUMIFS(Data!$E$2:$E$2227,Data!$A$2:$A$2227,$A13,Data!$B$2:$B$2227,2026,Data!$C$2:$C$2227,9) -> 436606.79 | C13: =COUNTIFS(Data!$A$2:$A$2227,$A13,Data!$E$2:$E$2227,">"&B13)+1 -> 15 | D13: =SUMPRODUCT(MAX((Data!$A$2:$A$2227=$A13)*Data!$E$2:$E$2227)) -> 543895.05 | E13: =SUMIFS(Data!$F$2:$F$2227,Data!$A$2:$A$2227,$A13,Data!$B$2:$B$2227,2026,Data!$C$2:$C$2227,9) -> 273873.9 | F13: =COUNTIFS(Data!$A$2:$A$2227,$A13,Data!$F$2:$F$2227,">"&E13)+1 -> 36 | G13: =SUMPRODUCT(MAX((Data!$A$2:$A$2227=$A13)*Data!$F$2:$F$2227)) -> 385972.71 | H13: =SUMIFS(Data!$G$2:$G$2227,Data!$A$2:$A$2227,$A13,Data!$B$2:$B$2227,2026,Data!$C$2:$C$2227,9) -> 710480.69 | I13: =COUNTIFS(Data!$A$2:$A$2227,$A13,Data!$G$2:$G$2227,">"&H13)+1 -> 19 | J13: =SUMPRODUCT(MAX((Data!$A$2:$A$2227=$A13)*Data!$G$2:$G$2227)) -> 845454.75
A14: TOYOTA SPOKANE FTS-43 | B14: =SUMIFS(Data!$E$2:$E$2227,Data!$A$2:$A$2227,$A14,Data!$B$2:$B$2227,2026,Data!$C$2:$C$2227,9) -> 415701.04 | C14: =COUNTIFS(Data!$A$2:$A$2227,$A14,Data!$E$2:$E$2227,">"&B14)+1 -> 5 | D14: =SUMPRODUCT(MAX((Data!$A$2:$A$2227=$A14)*Data!$E$2:$E$2227)) -> 469665.4 | E14: =SUMIFS(Data!$F$2:$F$2227,Data!$A$2:$A$2227,$A14,Data!$B$2:$B$2227,2026,Data!$C$2:$C$2227,9) -> 238402.65 | F14: =COUNTIFS(Data!$A$2:$A$2227,$A14,Data!$F$2:$F$2227,">"&E14)+1 -> 19 | G14: =SUMPRODUCT(MAX((Data!$A$2:$A$2227=$A14)*Data!$F$2:$F$2227)) -> 309243.24 | H14: =SUMIFS(Data!$G$2:$G$2227,Data!$A$2:$A$2227,$A14,Data!$B$2:$B$2227,2026,Data!$C$2:$C$2227,9) -> 654103.69 | I14: =COUNTIFS(Data!$A$2:$A$2227,$A14,Data!$G$2:$G$2227,">"&H14)+1 -> 6 | J14: =SUMPRODUCT(MAX((Data!$A$2:$A$2227=$A14)*Data!$G$2:$G$2227)) -> 776705.22
A15: NISSAN NIH-45 | B15: =SUMIFS(Data!$E$2:$E$2227,Data!$A$2:$A$2227,$A15,Data!$B$2:$B$2227,2026,Data!$C$2:$C$2227,9) -> 392627.87 | C15: =COUNTIFS(Data!$A$2:$A$2227,$A15,Data!$E$2:$E$2227,">"&B15)+1 -> 1 | D15: =SUMPRODUCT(MAX((Data!$A$2:$A$2227=$A15)*Data!$E$2:$E$2227)) -> 392627.87 | E15: =SUMIFS(Data!$F$2:$F$2227,Data!$A$2:$A$2227,$A15,Data!$B$2:$B$2227,2026,Data!$C$2:$C$2227,9) -> 200372.73 | F15: =COUNTIFS(Data!$A$2:$A$2227,$A15,Data!$F$2:$F$2227,">"&E15)+1 -> 2 | G15: =SUMPRODUCT(MAX((Data!$A$2:$A$2227=$A15)*Data!$F$2:$F$2227)) -> 210203.34 | H15: =SUMIFS(Data!$G$2:$G$2227,Data!$A$2:$A$2227,$A15,Data!$B$2:$B$2227,2026,Data!$C$2:$C$2227,9) -> 593000.6 | I15: =COUNTIFS(Data!$A$2:$A$2227,$A15,Data!$G$2:$G$2227,">"&H15)+1 -> 1 | J15: =SUMPRODUCT(MAX((Data!$A$2:$A$2227=$A15)*Data!$G$2:$G$2227)) -> 593000.6
A16: TOYOTA PRESCOTT FTP-35 | B16: =SUMIFS(Data!$E$2:$E$2227,Data!$A$2:$A$2227,$A16,Data!$B$2:$B$2227,2026,Data!$C$2:$C$2227,9) -> 388411.02 | C16: =COUNTIFS(Data!$A$2:$A$2227,$A16,Data!$E$2:$E$2227,">"&B16)+1 -> 7 | D16: =SUMPRODUCT(MAX((Data!$A$2:$A$2227=$A16)*Data!$E$2:$E$2227)) -> 463124.14 | E16: =SUMIFS(Data!$F$2:$F$2227,Data!$A$2:$A$2227,$A16,Data!$B$2:$B$2227,2026,Data!$C$2:$C$2227,9) -> 164029.84 | F16: =COUNTIFS(Data!$A$2:$A$2227,$A16,Data!$F$2:$F$2227,">"&E16)+1 -> 13 | G16: =SUMPRODUCT(MAX((Data!$A$2:$A$2227=$A16)*Data!$F$2:$F$2227)) -> 203733.95 | H16: =SUMIFS(Data!$G$2:$G$2227,Data!$A$2:$A$2227,$A16,Data!$B$2:$B$2227,2026,Data!$C$2:$C$2227,9) -> 552440.86 | I16: =COUNTIFS(Data!$A$2:$A$2227,$A16,Data!$G$2:$G$2227,">"&H16)+1 -> 8 | J16: =SUMPRODUCT(MAX((Data!$A$2:$A$2227=$A16)*Data!$G$2:$G$2227)) -> 666858.09
... A38: INEOS FIG-47 | B38: =SUMIFS(Data!$E$2:$E$2227,Data!$A$2:$A$2227,$A38,Data!$B$2:$B$2227,2026,Data!$C$2:$C$2227,9) -> 27751.31 | C38: =COUNTIFS(Data!$A$2:$A$2227,$A38,Data!$E$2:$E$2227,">"&B38)+1 -> 6 | D38: =SUMPRODUCT(MAX((Data!$A$2:$A$2227=$A38)*Data!$E$2:$E$2227)) -> 41289.23 | E38: =SUMIFS(Data!$F$2:$F$2227,Data!$A$2:$A$2227,$A38,Data!$B$2:$B$2227,2026,Data!$C$2:$C$2227,9) -> 10209.71 | F38: =COUNTIFS(Data!$A$2:$A$2227,$A38,Data!$F$2:$F$2227,">"&E38)+1 -> 5 | G38: =SUMPRODUCT(MAX((Data!$A$2:$A$2227=$A38)*Data!$F$2:$F$2227)) -> 19564.01 | H38: =SUMIFS(Data!$G$2:$G$2227,Data!$A$2:$A$2227,$A38,Data!$B$2:$B$2227,2026,Data!$C$2:$C$2227,9) -> 37961.02 | I38: =COUNTIFS(Data!$A$2:$A$2227,$A38,Data!$G$2:$G$2227,">"&H38)+1 -> 7 | J38: =SUMPRODUCT(MAX((Data!$A$2:$A$2227=$A38)*Data!$G$2:$G$2227)) -> 49994.81
A39: GROUP TOTAL | B39: =SUM(B5:B38) -> 13995339 | E39: =SUM(E5:E38) -> 7185937.8 | H39: =SUM(H5:H38) -> 21181277

Sheet Data
A1: Store | B1: Year | C1: MonthNum | D1: Month | E1: Service | F1: Parts | G1: Total
A2: ACURA FA-5 | B2: 2021 | C2: 1 | D2: Jan | E2: 96587.12 | F2: 48693.61 | G2: =ROUND(E2+F2,2) -> 145280.73
A3: ACURA FA-5 | B3: 2021 | C3: 2 | D3: Feb | E3: 102839.16 | F3: 47313.63 | G3: =ROUND(E3+F3,2) -> 150152.79
A4: ACURA FA-5 | B4: 2021 | C4: 3 | D4: Mar | E4: 133784.8 | F4: 57071.76 | G4: =ROUND(E4+F4,2) -> 190856.56
A5: ACURA FA-5 | B5: 2021 | C5: 4 | D5: Apr | E5: 148721.29 | F5: 64988.91 | G5: =ROUND(E5+F5,2) -> 213710.2
A6: ACURA FA-5 | B6: 2021 | C6: 5 | D6: May | E6: 160742.38 | F6: 64206.03 | G6: =ROUND(E6+F6,2) -> 224948.41
A7: ACURA FA-5 | B7: 2021 | C7: 6 | D7: Jun | E7: 173053.33 | F7: 66681.92 | G7: =ROUND(E7+F7,2) -> 239735.25
A8: ACURA FA-5 | B8: 2021 | C8: 7 | D8: Jul | E8: 170764.64 | F8: 69789.07 | G8: =ROUND(E8+F8,2) -> 240553.71
A9: ACURA FA-5 | B9: 2021 | C9: 8 | D9: Aug | E9: 145871.15 | F9: 63595.82 | G9: =ROUND(E9+F9,2) -> 209466.97
A10: ACURA FA-5 | B10: 2021 | C10: 9 | D10: Sep | E10: 142955 | F10: 70771.79 | G10: =ROUND(E10+F10,2) -> 213726.79
A11: ACURA FA-5 | B11: 2021 | C11: 10 | D11: Oct | E11: 135088.56 | F11: 60731.76 | G11: =ROUND(E11+F11,2) -> 195820.32
A12: ACURA FA-5 | B12: 2021 | C12: 11 | D12: Nov | E12: 125046.28 | F12: 64554.01 | G12: =ROUND(E12+F12,2) -> 189600.29
A13: ACURA FA-5 | B13: 2021 | C13: 12 | D13: Dec | E13: 137106.67 | F13: 74010.46 | G13: =ROUND(E13+F13,2) -> 211117.13
... A2227: VW ST GEORGE FVWSG-23 | B2227: 2026 | C2227: 9 | D2227: Sep | E2227: 60424.61 | F2227: 39703.76 | G2227: =ROUND(E2227+F2227,2) -> 100128.37

Sheet All-Time Records
A1: FINDLAY AUTOMOTIVE GROUP — FIXED OPS GROSS PROFIT RECORDS (ALL-TIME MONTHLY, 2021–SEP 2026)
A3: Store | B3: Service Record ($) | C3: Svc Month | D3: Parts Record ($) | E3: Pts Month | F3: Svc+Pts Record ($) | G3: Total Month
A4: TOYOTA HENDERSON FTH-10 | B4: =SUMPRODUCT(MAX((Data!$A$2:$A$2227=$A4)*Data!$E$2:$E$2227)) -> 1975411.6 | C4: =CHOOSE(SUMPRODUCT((Data!$A$2:$A$2227=$A4)*(Data!$E$2:$E$2227=B4)*Data!$C$2:$C$2227),"Jan","Feb","Mar","Apr","May","Jun","Jul","Aug","Sep","Oct","Nov","Dec")&" "&SUMPRODUCT((Data!$A$2:$A$2227=$A4)*(Data!$E$2:$E$2227=B4)*Data!$B$2:$B$2227) -> Jul 2026 | D4: =SUMPRODUCT(MAX((Data!$A$2:$A$2227=$A4)*Data!$F$2:$F$2227)) -> 803123.01 | E4: =CHOOSE(SUMPRODUCT((Data!$A$2:$A$2227=$A4)*(Data!$F$2:$F$2227=D4)*Data!$C$2:$C$2227),"Jan","Feb","Mar","Apr","May","Jun","Jul","Aug","Sep","Oct","Nov","Dec")&" "&SUMPRODUCT((Data!$A$2:$A$2227=$A4)*(Data!$F$2:$F$2227=D4)*Data!$B$2:$B$2227) -> Sep 2026 | F4: =SUMPRODUCT(MAX((Data!$A$2:$A$2227=$A4)*Data!$G$2:$G$2227)) -> 2716915.6 | G4: =CHOOSE(SUMPRODUCT((Data!$A$2:$A$2227=$A4)*(Data!$G$2:$G$2227=F4)*Data!$C$2:$C$2227),"Jan","Feb","Mar","Apr","May","Jun","Jul","Aug","Sep","Oct","Nov","Dec")&" "&SUMPRODUCT((Data!$A$2:$A$2227=$A4)*(Data!$G$2:$G$2227=F4)*Data!$B$2:$B$2227) -> Jul 2026
A5: CHEVY LV FCLV-17 | B5: =SUMPRODUCT(MAX((Data!$A$2:$A$2227=$A5)*Data!$E$2:$E$2227)) -> 1317663.6 | C5: =CHOOSE(SUMPRODUCT((Data!$A$2:$A$2227=$A5)*(Data!$E$2:$E$2227=B5)*Data!$C$2:$C$2227),"Jan","Feb","Mar","Apr","May","Jun","Jul","Aug","Sep","Oct","Nov","Dec")&" "&SUMPRODUCT((Data!$A$2:$A$2227=$A5)*(Data!$E$2:$E$2227=B5)*Data!$B$2:$B$2227) -> Apr 2025 | D5: =SUMPRODUCT(MAX((Data!$A$2:$A$2227=$A5)*Data!$F$2:$F$2227)) -> 835344.78 | E5: =CHOOSE(SUMPRODUCT((Data!$A$2:$A$2227=$A5)*(Data!$F$2:$F$2227=D5)*Data!$C$2:$C$2227),"Jan","Feb","Mar","Apr","May","Jun","Jul","Aug","Sep","Oct","Nov","Dec")&" "&SUMPRODUCT((Data!$A$2:$A$2227=$A5)*(Data!$F$2:$F$2227=D5)*Data!$B$2:$B$2227) -> Oct 2025 | F5: =SUMPRODUCT(MAX((Data!$A$2:$A$2227=$A5)*Data!$G$2:$G$2227)) -> 2076531 | G5: =CHOOSE(SUMPRODUCT((Data!$A$2:$A$2227=$A5)*(Data!$G$2:$G$2227=F5)*Data!$C$2:$C$2227),"Jan","Feb","Mar","Apr","May","Jun","Jul","Aug","Sep","Oct","Nov","Dec")&" "&SUMPRODUCT((Data!$A$2:$A$2227=$A5)*(Data!$G$2:$G$2227=F5)*Data!$B$2:$B$2227) -> Oct 2025
A6: HONDA HENDERSON SFH-1 | B6: =SUMPRODUCT(MAX((Data!$A$2:$A$2227=$A6)*Data!$E$2:$E$2227)) -> 1295926.8 | C6: =CHOOSE(SUMPRODUCT((Data!$A$2:$A$2227=$A6)*(Data!$E$2:$E$2227=B6)*Data!$C$2:$C$2227),"Jan","Feb","Mar","Apr","May","Jun","Jul","Aug","Sep","Oct","Nov","Dec")&" "&SUMPRODUCT((Data!$A$2:$A$2227=$A6)*(Data!$E$2:$E$2227=B6)*Data!$B$2:$B$2227) -> Jul 2026 | D6: =SUMPRODUCT(MAX((Data!$A$2:$A$2227=$A6)*Data!$F$2:$F$2227)) -> 495404.7 | E6: =CHOOSE(SUMPRODUCT((Data!$A$2:$A$2227=$A6)*(Data!$F$2:$F$2227=D6)*Data!$C$2:$C$2227),"Jan","Feb","Mar","Apr","May","Jun","Jul","Aug","Sep","Oct","Nov","Dec")&" "&SUMPRODUCT((Data!$A$2:$A$2227=$A6)*(Data!$F$2:$F$2227=D6)*Data!$B$2:$B$2227) -> Jul 2026 | F6: =SUMPRODUCT(MAX((Data!$A$2:$A$2227=$A6)*Data!$G$2:$G$2227)) -> 1791331.5 | G6: =CHOOSE(SUMPRODUCT((Data!$A$2:$A$2227=$A6)*(Data!$G$2:$G$2227=F6)*Data!$C$2:$C$2227),"Jan","Feb","Mar","Apr","May","Jun","Jul","Aug","Sep","Oct","Nov","Dec")&" "&SUMPRODUCT((Data!$A$2:$A$2227=$A6)*(Data!$G$2:$G$2227=F6)*Data!$B$2:$B$2227) -> Jul 2026
A7: AUDI HENDERSON FAH-18 | B7: =SUMPRODUCT(MAX((Data!$A$2:$A$2227=$A7)*Data!$E$2:$E$2227)) -> 1078560.8 | C7: =CHOOSE(SUMPRODUCT((Data!$A$2:$A$2227=$A7)*(Data!$E$2:$E$2227=B7)*Data!$C$2:$C$2227),"Jan","Feb","Mar","Apr","May","Jun","Jul","Aug","Sep","Oct","Nov","Dec")&" "&SUMPRODUCT((Data!$A$2:$A$2227=$A7)*(Data!$E$2:$E$2227=B7)*Data!$B$2:$B$2227) -> Dec 2025 | D7: =SUMPRODUCT(MAX((Data!$A$2:$A$2227=$A7)*Data!$F$2:$F$2227)) -> 591001.29 | E7: =CHOOSE(SUMPRODUCT((Data!$A$2:$A$2227=$A7)*(Data!$F$2:$F$2227=D7)*Data!$C$2:$C$2227),"Jan","Feb","Mar","Apr","May","Jun","Jul","Aug","Sep","Oct","Nov","Dec")&" "&SUMPRODUCT((Data!$A$2:$A$2227=$A7)*(Data!$F$2:$F$2227=D7)*Data!$B$2:$B$2227) -> Jul 2026 | F7: =SUMPRODUCT(MAX((Data!$A$2:$A$2227=$A7)*Data!$G$2:$G$2227)) -> 1604751.2 | G7: =CHOOSE(SUMPRODUCT((Data!$A$2:$A$2227=$A7)*(Data!$G$2:$G$2227=F7)*Data!$C$2:$C$2227),"Jan","Feb","Mar","Apr","May","Jun","Jul","Aug","Sep","Oct","Nov","Dec")&" "&SUMPRODUCT((Data!$A$2:$A$2227=$A7)*(Data!$G$2:$G$2227=F7)*Data!$B$2:$B$2227) -> Jul 2026
A8: SUBARU LV SLV-16 | B8: =SUMPRODUCT(MAX((Data!$A$2:$A$2227=$A8)*Data!$E$2:$E$2227)) -> 783630.02 | C8: =CHOOSE(SUMPRODUCT((Data!$A$2:$A$2227=$A8)*(Data!$E$2:$E$2227=B8)*Data!$C$2:$C$2227),"Jan","Feb","Mar","Apr","May","Jun","Jul","Aug","Sep","Oct","Nov","Dec")&" "&SUMPRODUCT((Data!$A$2:$A$2227=$A8)*(Data!$E$2:$E$2227=B8)*Data!$B$2:$B$2227) -> Apr 2025 | D8: =SUMPRODUCT(MAX((Data!$A$2:$A$2227=$A8)*Data!$F$2:$F$2227)) -> 591204.67 | E8: =CHOOSE(SUMPRODUCT((Data!$A$2:$A$2227=$A8)*(Data!$F$2:$F$2227=D8)*Data!$C$2:$C$2227),"Jan","Feb","Mar","Apr","May","Jun","Jul","Aug","Sep","Oct","Nov","Dec")&" "&SUMPRODUCT((Data!$A$2:$A$2227=$A8)*(Data!$F$2:$F$2227=D8)*Data!$B$2:$B$2227) -> Oct 2025 | F8: =SUMPRODUCT(MAX((Data!$A$2:$A$2227=$A8)*Data!$G$2:$G$2227)) -> 1286777.9 | G8: =CHOOSE(SUMPRODUCT((Data!$A$2:$A$2227=$A8)*(Data!$G$2:$G$2227=F8)*Data!$C$2:$C$2227),"Jan","Feb","Mar","Apr","May","Jun","Jul","Aug","Sep","Oct","Nov","Dec")&" "&SUMPRODUCT((Data!$A$2:$A$2227=$A8)*(Data!$G$2:$G$2227=F8)*Data!$B$2:$B$2227) -> Jul 2025
A9: HONDA NORTH FH-4 | B9: =SUMPRODUCT(MAX((Data!$A$2:$A$2227=$A9)*Data!$E$2:$E$2227)) -> 806776.87 | C9: =CHOOSE(SUMPRODUCT((Data!$A$2:$A$2227=$A9)*(Data!$E$2:$E$2227=B9)*Data!$C$2:$C$2227),"Jan","Feb","Mar","Apr","May","Jun","Jul","Aug","Sep","Oct","Nov","Dec")&" "&SUMPRODUCT((Data!$A$2:$A$2227=$A9)*(Data!$E$2:$E$2227=B9)*Data!$B$2:$B$2227) -> Mar 2025 | D9: =SUMPRODUCT(MAX((Data!$A$2:$A$2227=$A9)*Data!$F$2:$F$2227)) -> 359373.55 | E9: =CHOOSE(SUMPRODUCT((Data!$A$2:$A$2227=$A9)*(Data!$F$2:$F$2227=D9)*Data!$C$2:$C$2227),"Jan","Feb","Mar","Apr","May","Jun","Jul","Aug","Sep","Oct","Nov","Dec")&" "&SUMPRODUCT((Data!$A$2:$A$2227=$A9)*(Data!$F$2:$F$2227=D9)*Data!$B$2:$B$2227) -> Aug 2024 | F9: =SUMPRODUCT(MAX((Data!$A$2:$A$2227=$A9)*Data!$G$2:$G$2227)) -> 1152022.1 | G9: =CHOOSE(SUMPRODUCT((Data!$A$2:$A$2227=$A9)*(Data!$G$2:$G$2227=F9)*Data!$C$2:$C$2227),"Jan","Feb","Mar","Apr","May","Jun","Jul","Aug","Sep","Oct","Nov","Dec")&" "&SUMPRODUCT((Data!$A$2:$A$2227=$A9)*(Data!$G$2:$G$2227=F9)*Data!$B$2:$B$2227) -> Jul 2025
A10: CADILLAC CAD-9 | B10: =SUMPRODUCT(MAX((Data!$A$2:$A$2227=$A10)*Data!$E$2:$E$2227)) -> 832147 | C10: =CHOOSE(SUMPRODUCT((Data!$A$2:$A$2227=$A10)*(Data!$E$2:$E$2227=B10)*Data!$C$2:$C$2227),"Jan","Feb","Mar","Apr","May","Jun","Jul","Aug","Sep","Oct","Nov","Dec")&" "&SUMPRODUCT((Data!$A$2:$A$2227=$A10)*(Data!$E$2:$E$2227=B10)*Data!$B$2:$B$2227) -> Oct 2025 | D10: =SUMPRODUCT(MAX((Data!$A$2:$A$2227=$A10)*Data!$F$2:$F$2227)) -> 400065.85 | E10: =CHOOSE(SUMPRODUCT((Data!$A$2:$A$2227=$A10)*(Data!$F$2:$F$2227=D10)*Data!$C$2:$C$2227),"Jan","Feb","Mar","Apr","May","Jun","Jul","Aug","Sep","Oct","Nov","Dec")&" "&SUMPRODUCT((Data!$A$2:$A$2227=$A10)*(Data!$F$2:$F$2227=D10)*Data!$B$2:$B$2227) -> Oct 2025 | F10: =SUMPRODUCT(MAX((Data!$A$2:$A$2227=$A10)*Data!$G$2:$G$2227)) -> 1232212.9 | G10: =CHOOSE(SUMPRODUCT((Data!$A$2:$A$2227=$A10)*(Data!$G$2:$G$2227=F10)*Data!$C$2:$C$2227),"Jan","Feb","Mar","Apr","May","Jun","Jul","Aug","Sep","Oct","Nov","Dec")&" "&SUMPRODUCT((Data!$A$2:$A$2227=$A10)*(Data!$G$2:$G$2227=F10)*Data!$B$2:$B$2227) -> Oct 2025
A11: KIA LV FKLV-21 | B11: =SUMPRODUCT(MAX((Data!$A$2:$A$2227=$A11)*Data!$E$2:$E$2227)) -> 491527.94 | C11: =CHOOSE(SUMPRODUCT((Data!$A$2:$A$2227=$A11)*(Data!$E$2:$E$2227=B11)*Data!$C$2:$C$2227),"Jan","Feb","Mar","Apr","May","Jun","Jul","Aug","Sep","Oct","Nov","Dec")&" "&SUMPRODUCT((Data!$A$2:$A$2227=$A11)*(Data!$E$2:$E$2227=B11)*Data!$B$2:$B$2227) -> Sep 2026 | D11: =SUMPRODUCT(MAX((Data!$A$2:$A$2227=$A11)*Data!$F$2:$F$2227)) -> 301221.42 | E11: =CHOOSE(SUMPRODUCT((Data!$A$2:$A$2227=$A11)*(Data!$F$2:$F$2227=D11)*Data!$C$2:$C$2227),"Jan","Feb","Mar","Apr","May","Jun","Jul","Aug","Sep","Oct","Nov","Dec")&" "&SUMPRODUCT((Data!$A$2:$A$2227=$A11)*(Data!$F$2:$F$2227=D11)*Data!$B$2:$B$2227) -> Oct 2025 | F11: =SUMPRODUCT(MAX((Data!$A$2:$A$2227=$A11)*Data!$G$2:$G$2227)) -> 770405.77 | G11: =CHOOSE(SUMPRODUCT((Data!$A$2:$A$2227=$A11)*(Data!$G$2:$G$2227=F11)*Data!$C$2:$C$2227),"Jan","Feb","Mar","Apr","May","Jun","Jul","Aug","Sep","Oct","Nov","Dec")&" "&SUMPRODUCT((Data!$A$2:$A$2227=$A11)*(Data!$G$2:$G$2227=F11)*Data!$B$2:$B$2227) -> Oct 2024
A12: LR LV LRLV-3 | B12: =SUMPRODUCT(MAX((Data!$A$2:$A$2227=$A12)*Data!$E$2:$E$2227)) -> 543895.05 | C12: =CHOOSE(SUMPRODUCT((Data!$A$2:$A$2227=$A12)*(Data!$E$2:$E$2227=B12)*Data!$C$2:$C$2227),"Jan","Feb","Mar","Apr","May","Jun","Jul","Aug","Sep","Oct","Nov","Dec")&" "&SUMPRODUCT((Data!$A$2:$A$2227=$A12)*(Data!$E$2:$E$2227=B12)*Data!$B$2:$B$2227) -> Jul 2026 | D12: =SUMPRODUCT(MAX((Data!$A$2:$A$2227=$A12)*Data!$F$2:$F$2227)) -> 385972.71 | E12: =CHOOSE(SUMPRODUCT((Data!$A$2:$A$2227=$A12)*(Data!$F$2:$F$2227=D12)*Data!$C$2:$C$2227),"Jan","Feb","Mar","Apr","May","Jun","Jul","Aug","Sep","Oct","Nov","Dec")&" "&SUMPRODUCT((Data!$A$2:$A$2227=$A12)*(Data!$F$2:$F$2227=D12)*Data!$B$2:$B$2227) -> Nov 2024 | F12: =SUMPRODUCT(MAX((Data!$A$2:$A$2227=$A12)*Data!$G$2:$G$2227)) -> 845454.75 | G12: =CHOOSE(SUMPRODUCT((Data!$A$2:$A$2227=$A12)*(Data!$G$2:$G$2227=F12)*Data!$C$2:$C$2227),"Jan","Feb","Mar","Apr","May","Jun","Jul","Aug","Sep","Oct","Nov","Dec")&" "&SUMPRODUCT((Data!$A$2:$A$2227=$A12)*(Data!$G$2:$G$2227=F12)*Data!$B$2:$B$2227) -> Jul 2026
A13: TOYOTA SPOKANE FTS-43 | B13: =SUMPRODUCT(MAX((Data!$A$2:$A$2227=$A13)*Data!$E$2:$E$2227)) -> 469665.4 | C13: =CHOOSE(SUMPRODUCT((Data!$A$2:$A$2227=$A13)*(Data!$E$2:$E$2227=B13)*Data!$C$2:$C$2227),"Jan","Feb","Mar","Apr","May","Jun","Jul","Aug","Sep","Oct","Nov","Dec")&" "&SUMPRODUCT((Data!$A$2:$A$2227=$A13)*(Data!$E$2:$E$2227=B13)*Data!$B$2:$B$2227) -> Jul 2026 | D13: =SUMPRODUCT(MAX((Data!$A$2:$A$2227=$A13)*Data!$F$2:$F$2227)) -> 309243.24 | E13: =CHOOSE(SUMPRODUCT((Data!$A$2:$A$2227=$A13)*(Data!$F$2:$F$2227=D13)*Data!$C$2:$C$2227),"Jan","Feb","Mar","Apr","May","Jun","Jul","Aug","Sep","Oct","Nov","Dec")&" "&SUMPRODUCT((Data!$A$2:$A$2227=$A13)*(Data!$F$2:$F$2227=D13)*Data!$B$2:$B$2227) -> Oct 2025 | F13: =SUMPRODUCT(MAX((Data!$A$2:$A$2227=$A13)*Data!$G$2:$G$2227)) -> 776705.22 | G13: =CHOOSE(SUMPRODUCT((Data!$A$2:$A$2227=$A13)*(Data!$G$2:$G$2227=F13)*Data!$C$2:$C$2227),"Jan","Feb","Mar","Apr","May","Jun","Jul","Aug","Sep","Oct","Nov","Dec")&" "&SUMPRODUCT((Data!$A$2:$A$2227=$A13)*(Data!$G$2:$G$2227=F13)*Data!$B$2:$B$2227) -> Jul 2026
A14: NISSAN NIH-45 | B14: =SUMPRODUCT(MAX((Data!$A$2:$A$2227=$A14)*Data!$E$2:$E$2227)) -> 392627.87 | C14: =CHOOSE(SUMPRODUCT((Data!$A$2:$A$2227=$A14)*(Data!$E$2:$E$2227=B14)*Data!$C$2:$C$2227),"Jan","Feb","Mar","Apr","May","Jun","Jul","Aug","Sep","Oct","Nov","Dec")&" "&SUMPRODUCT((Data!$A$2:$A$2227=$A14)*(Data!$E$2:$E$2227=B14)*Data!$B$2:$B$2227) -> Sep 2026 | D14: =SUMPRODUCT(MAX((Data!$A$2:$A$2227=$A14)*Data!$F$2:$F$2227)) -> 210203.34 | E14: =CHOOSE(SUMPRODUCT((Data!$A$2:$A$2227=$A14)*(Data!$F$2:$F$2227=D14)*Data!$C$2:$C$2227),"Jan","Feb","Mar","Apr","May","Jun","Jul","Aug","Sep","Oct","Nov","Dec")&" "&SUMPRODUCT((Data!$A$2:$A$2227=$A14)*(Data!$F$2:$F$2227=D14)*Data!$B$2:$B$2227) -> Jul 2026 | F14: =SUMPRODUCT(MAX((Data!$A$2:$A$2227=$A14)*Data!$G$2:$G$2227)) -> 593000.6 | G14: =CHOOSE(SUMPRODUCT((Data!$A$2:$A$2227=$A14)*(Data!$G$2:$G$2227=F14)*Data!$C$2:$C$2227),"Jan","Feb","Mar","Apr","May","Jun","Jul","Aug","Sep","Oct","Nov","Dec")&" "&SUMPRODUCT((Data!$A$2:$A$2227=$A14)*(Data!$G$2:$G$2227=F14)*Data!$B$2:$B$2227) -> Sep 2026
A15: TOYOTA PRESCOTT FTP-35 | B15: =SUMPRODUCT(MAX((Data!$A$2:$A$2227=$A15)*Data!$E$2:$E$2227)) -> 463124.14 | C15: =CHOOSE(SUMPRODUCT((Data!$A$2:$A$2227=$A15)*(Data!$E$2:$E$2227=B15)*Data!$C$2:$C$2227),"Jan","Feb","Mar","Apr","May","Jun","Jul","Aug","Sep","Oct","Nov","Dec")&" "&SUMPRODUCT((Data!$A$2:$A$2227=$A15)*(Data!$E$2:$E$2227=B15)*Data!$B$2:$B$2227) -> Apr 2026 | D15: =SUMPRODUCT(MAX((Data!$A$2:$A$2227=$A15)*Data!$F$2:$F$2227)) -> 203733.95 | E15: =CHOOSE(SUMPRODUCT((Data!$A$2:$A$2227=$A15)*(Data!$F$2:$F$2227=D15)*Data!$C$2:$C$2227),"Jan","Feb","Mar","Apr","May","Jun","Jul","Aug","Sep","Oct","Nov","Dec")&" "&SUMPRODUCT((Data!$A$2:$A$2227=$A15)*(Data!$F$2:$F$2227=D15)*Data!$B$2:$B$2227) -> Apr 2026 | F15: =SUMPRODUCT(MAX((Data!$A$2:$A$2227=$A15)*Data!$G$2:$G$2227)) -> 666858.09 | G15: =CHOOSE(SUMPRODUCT((Data!$A$2:$A$2227=$A15)*(Data!$G$2:$G$2227=F15)*Data!$C$2:$C$2227),"Jan","Feb","Mar","Apr","May","Jun","Jul","Aug","Sep","Oct","Nov","Dec")&" "&SUMPRODUCT((Data!$A$2:$A$2227=$A15)*(Data!$G$2:$G$2227=F15)*Data!$B$2:$B$2227) -> Apr 2026
... A37: INEOS FIG-47 | B37: =SUMPRODUCT(MAX((Data!$A$2:$A$2227=$A37)*Data!$E$2:$E$2227)) -> 41289.23 | C37: =CHOOSE(SUMPRODUCT((Data!$A$2:$A$2227=$A37)*(Data!$E$2:$E$2227=B37)*Data!$C$2:$C$2227),"Jan","Feb","Mar","Apr","May","Jun","Jul","Aug","Sep","Oct","Nov","Dec")&" "&SUMPRODUCT((Data!$A$2:$A$2227=$A37)*(Data!$E$2:$E$2227=B37)*Data!$B$2:$B$2227) -> Nov 2025 | D37: =SUMPRODUCT(MAX((Data!$A$2:$A$2227=$A37)*Data!$F$2:$F$2227)) -> 19564.01 | E37: =CHOOSE(SUMPRODUCT((Data!$A$2:$A$2227=$A37)*(Data!$F$2:$F$2227=D37)*Data!$C$2:$C$2227),"Jan","Feb","Mar","Apr","May","Jun","Jul","Aug","Sep","Oct","Nov","Dec")&" "&SUMPRODUCT((Data!$A$2:$A$2227=$A37)*(Data!$F$2:$F$2227=D37)*Data!$B$2:$B$2227) -> Aug 2026 | F37: =SUMPRODUCT(MAX((Data!$A$2:$A$2227=$A37)*Data!$G$2:$G$2227)) -> 49994.81 | G37: =CHOOSE(SUMPRODUCT((Data!$A$2:$A$2227=$A37)*(Data!$G$2:$G$2227=F37)*Data!$C$2:$C$2227),"Jan","Feb","Mar","Apr","May","Jun","Jul","Aug","Sep","Oct","Nov","Dec")&" "&SUMPRODUCT((Data!$A$2:$A$2227=$A37)*(Data!$G$2:$G$2227=F37)*Data!$B$2:$B$2227) -> Nov 2025

Sheet Methodology
A1: FIXED OPS GROSS PROFIT RECORDS — METHODOLOGY
A3: Source: Qlik Cloud, app "Fixed Ops - Accting TB" (Fixed space, e077f027-fc9f-4f03-adf3-14ce059d8b3c), pulled 2026-10-08.
A4: Measure convention (matches app master measures):
A5: Service gross = Sum({<Family={'FIXED GROSS'}, Class={'SERVICE'}>} [Mon]_MTD_Amt * -1)
A6: Parts gross = Sum({<Family={'FIXED GROSS'}, Class={'PARTS'}>} [Mon]_MTD_Amt * -1)
A7: Service + Parts = sum of the two for the same store-month. Body Shop is excluded.
A9: History window: Jan 2021 through Sep 2026 (all complete months in the app).
A10: Oct 2026 excluded as partial (in progress at pull time).
A11: 2026 figures reflect the Oct 8 re-pull of Jan–Sep 2026. Jan–Jun and Aug 2026 were unchanged; seven July 2026 store-months carried post-close adjustments (largest: Honda Flagstaff Service -$6,841; Kia LV $5.2K Service-to-Parts reclass) and are updated in the Data tab.
A12: Rank = 1 + count of store-months with a strictly greater value for that store (rank 1 = all-time record).
A13: All values on the report tabs are live formulas (SUMIFS / COUNTIFS / SUMPRODUCT) against the Data tab.
A14: Green highlight = new all-time record set in September 2026 (static formatting, snapshot as of pull date).
... A17: New stores enter history at opening: Honda Spokane (Aug 2024), Nissan Henderson (Nov 2023), LR Henderson (Jul 2021), Hyundai Prescott (Mar 2022), Ineos (Nov 2025).
