Workbook

Sheet Door Rates & ELR
A1: Door Rates and CP ELR % of Door Rate, by Store
A2: CP ELR July-September 2026 · door rates from the store door rate sheet, Oct 15, 2026 · ranked by ELR % of door rate
A4: Rank | B4: Store | C4: Segment | D4: Labor Grid | E4: Door Rate ($/hr) | F4: Premium Rate ($/hr) | G4: Premium Applies To | H4: CP Labor Sale Jul-Sep ($) | I4: CP Sold Hours Jul-Sep | J4: CP ELR ($/hr) | K4: ELR % of Door Rate | L4: Target | M4: Vs Target (pts) | N4: Status
A5: 1 | B5: Audi Reno | C5: Luxury | D5: Yes | E5: 235.87 | H5: 856624.83 | I5: 3509 | J5: =IFERROR(H5/I5,0) -> 244.12221 | K5: =IFERROR(J5/E5,0) -> 1.0349863 | L5: =Notes!$B$3 -> 0.7 | M5: =(K5-L5)*100 -> 33.498626 | N5: =IF(K5>=L5,"At or above","Below") -> At or above
A6: 2 | B6: Volvo | C6: Luxury | D6: No | E6: 249.95 | H6: 558190.28 | I6: 2475.35 | J6: =IFERROR(H6/I6,0) -> 225.49954 | K6: =IFERROR(J6/E6,0) -> 0.90217859 | L6: =Notes!$B$3 -> 0.7 | M6: =(K6-L6)*100 -> 20.217859 | N6: =IF(K6>=L6,"At or above","Below") -> At or above
A7: 3 | B7: Chevy GMC Bullhead | C7: Non-luxury | D7: Yes | E7: 179.87 | F7: 199.87 | G7: Non-Standard Grid | H7: 620037.12 | I7: 3832.2 | J7: =IFERROR(H7/I7,0) -> 161.79665 | K7: =IFERROR(J7/E7,0) -> 0.89951993 | L7: =Notes!$B$3 -> 0.7 | M7: =(K7-L7)*100 -> 19.951993 | N7: =IF(K7>=L7,"At or above","Below") -> At or above
A8: 4 | B8: Hyundai St George | C8: Non-luxury | D8: Yes | E8: 184.87 | H8: 280332.94 | I8: 1689.17 | J8: =IFERROR(H8/I8,0) -> 165.95899 | K8: =IFERROR(J8/E8,0) -> 0.89770642 | L8: =Notes!$B$3 -> 0.7 | M8: =(K8-L8)*100 -> 19.770642 | N8: =IF(K8>=L8,"At or above","Below") -> At or above
A9: 5 | B9: Acura | C9: Non-luxury | D9: Yes | E9: 224.87 | H9: 354368.15 | I9: 1780.4 | J9: =IFERROR(H9/I9,0) -> 199.0385 | K9: =IFERROR(J9/E9,0) -> 0.88512697 | L9: =Notes!$B$3 -> 0.7 | M9: =(K9-L9)*100 -> 18.512697 | N9: =IF(K9>=L9,"At or above","Below") -> At or above
A10: 6 | B10: LR Reno | C10: Luxury | D10: No | E10: 275 | H10: 397335.31 | I10: 1665.15 | J10: =IFERROR(H10/I10,0) -> 238.61833 | K10: =IFERROR(J10/E10,0) -> 0.86770301 | L10: =Notes!$B$3 -> 0.7 | M10: =(K10-L10)*100 -> 16.770301 | N10: =IF(K10>=L10,"At or above","Below") -> At or above
A11: 7 | B11: Honda Flagstaff | C11: Non-luxury | D11: No | E11: 185 | F11: 215 | G11: EV | H11: 377072.34 | I11: 2361.3 | J11: =IFERROR(H11/I11,0) -> 159.68845 | K11: =IFERROR(J11/E11,0) -> 0.86318082 | L11: =Notes!$B$3 -> 0.7 | M11: =(K11-L11)*100 -> 16.318082 | N11: =IF(K11>=L11,"At or above","Below") -> At or above
A12: 8 | B12: Honda Spokane | C12: Non-luxury | D12: No | E12: 179 | H12: 906805.23 | I12: 6130.1 | J12: =IFERROR(H12/I12,0) -> 147.92666 | K12: =IFERROR(J12/E12,0) -> 0.82640593 | L12: =Notes!$B$3 -> 0.7 | M12: =(K12-L12)*100 -> 12.640593 | N12: =IF(K12>=L12,"At or above","Below") -> At or above
A13: 9 | B13: Lexus | C13: Luxury | D13: No | E13: 229.95 | H13: 644364.66 | I13: 3438.1 | J13: =IFERROR(H13/I13,0) -> 187.41882 | K13: =IFERROR(J13/E13,0) -> 0.81504164 | L13: =Notes!$B$3 -> 0.7 | M13: =(K13-L13)*100 -> 11.504164 | N13: =IF(K13>=L13,"At or above","Below") -> At or above
A14: 10 | B14: CDJR Post Falls | C14: Non-luxury | D14: No | E14: 199.95 | H14: 746429.3 | I14: 4609.62 | J14: =IFERROR(H14/I14,0) -> 161.9286 | K14: =IFERROR(J14/E14,0) -> 0.80984545 | L14: =Notes!$B$3 -> 0.7 | M14: =(K14-L14)*100 -> 10.984545 | N14: =IF(K14>=L14,"At or above","Below") -> At or above
A15: 11 | B15: Toyota Prescott | C15: Non-luxury | D15: No | E15: 195 | H15: 1035536.8 | I15: 6647.55 | J15: =IFERROR(H15/I15,0) -> 155.77721 | K15: =IFERROR(J15/E15,0) -> 0.79885749 | L15: =Notes!$B$3 -> 0.7 | M15: =(K15-L15)*100 -> 9.8857493 | N15: =IF(K15>=L15,"At or above","Below") -> At or above
A16: 12 | B16: LR Henderson | C16: Luxury | D16: Yes | E16: 294.87 | H16: 479332.12 | I16: 2044.2 | J16: =IFERROR(H16/I16,0) -> 234.48396 | K16: =IFERROR(J16/E16,0) -> 0.79521133 | L16: =Notes!$B$3 -> 0.7 | M16: =(K16-L16)*100 -> 9.5211328 | N16: =IF(K16>=L16,"At or above","Below") -> At or above
A17: 13 | B17: Kia St George | C17: Non-luxury | D17: No | E17: 185 | F17: 195 | G17: EV | H17: 277972.64 | I17: 1903.35 | J17: =IFERROR(H17/I17,0) -> 146.04389 | K17: =IFERROR(J17/E17,0) -> 0.78942644 | L17: =Notes!$B$3 -> 0.7 | M17: =(K17-L17)*100 -> 8.9426438 | N17: =IF(K17>=L17,"At or above","Below") -> At or above
A18: 14 | B18: Mazda | C18: Non-luxury | D18: Yes | E18: 209.87 | H18: 547775.16 | I18: 3306.5 | J18: =IFERROR(H18/I18,0) -> 165.66616 | K18: =IFERROR(J18/E18,0) -> 0.78937514 | L18: =Notes!$B$3 -> 0.7 | M18: =(K18-L18)*100 -> 8.937514 | N18: =IF(K18>=L18,"At or above","Below") -> At or above
A19: 15 | B19: VW Henderson | C19: Non-luxury | D19: Yes | E19: 204.87 | F19: 210 | G19: EV | H19: 706562.37 | I19: 4392.88 | J19: =IFERROR(H19/I19,0) -> 160.84263 | K19: =IFERROR(J19/E19,0) -> 0.78509606 | L19: =Notes!$B$3 -> 0.7 | M19: =(K19-L19)*100 -> 8.5096058 | N19: =IF(K19>=L19,"At or above","Below") -> At or above
A20: 16 | B20: VW St George | C20: Non-luxury | D20: Yes | E20: 184.87 | H20: 150096.13 | I20: 1057.8 | J20: =IFERROR(H20/I20,0) -> 141.89462 | K20: =IFERROR(J20/E20,0) -> 0.7675373 | L20: =Notes!$B$3 -> 0.7 | M20: =(K20-L20)*100 -> 6.7537301 | N20: =IF(K20>=L20,"At or above","Below") -> At or above
A21: 17 | B21: Audi Henderson | C21: Luxury | D21: Yes | E21: 348.87 | F21: 399 | G21: Lambo Non-Grid | H21: 1229920.3 | I21: 4611.2 | J21: =IFERROR(H21/I21,0) -> 266.72456 | K21: =IFERROR(J21/E21,0) -> 0.76453853 | L21: =Notes!$B$3 -> 0.7 | M21: =(K21-L21)*100 -> 6.4538532 | N21: =IF(K21>=L21,"At or above","Below") -> At or above
A22: 18 | B22: LR LV | C22: Luxury | D22: Yes | E22: 310 | H22: 1187490.4 | I22: 5077.34 | J22: =IFERROR(H22/I22,0) -> 233.88042 | K22: =IFERROR(J22/E22,0) -> 0.75445297 | L22: =Notes!$B$3 -> 0.7 | M22: =(K22-L22)*100 -> 5.4452973 | N22: =IF(K22>=L22,"At or above","Below") -> At or above
A23: 19 | B23: Subaru LV | C23: Non-luxury | D23: No | E23: 215.37 | H23: 1553824.1 | I23: 9584.25 | J23: =IFERROR(H23/I23,0) -> 162.12266 | K23: =IFERROR(J23/E23,0) -> 0.75276343 | L23: =Notes!$B$3 -> 0.7 | M23: =(K23-L23)*100 -> 5.2763428 | N23: =IF(K23>=L23,"At or above","Below") -> At or above
A24: 20 | B24: Nissan | C24: Non-luxury | D24: Yes | E24: 239.87 | H24: 869606.26 | I24: 4827.31 | J24: =IFERROR(H24/I24,0) -> 180.14303 | K24: =IFERROR(J24/E24,0) -> 0.75100276 | L24: =Notes!$B$3 -> 0.7 | M24: =(K24-L24)*100 -> 5.100276 | N24: =IF(K24>=L24,"At or above","Below") -> At or above
A25: 21 | B25: Toyota Flagstaff | C25: Non-luxury | D25: No | E25: 190 | H25: 1004709.6 | I25: 7049.92 | J25: =IFERROR(H25/I25,0) -> 142.51361 | K25: =IFERROR(J25/E25,0) -> 0.75007163 | L25: =Notes!$B$3 -> 0.7 | M25: =(K25-L25)*100 -> 5.0071632 | N25: =IF(K25>=L25,"At or above","Below") -> At or above
A26: 22 | B26: Subaru St George | C26: Non-luxury | D26: No | E26: 185 | F26: 210 | G26: EV | H26: 578006.07 | I26: 4228.06 | J26: =IFERROR(H26/I26,0) -> 136.70716 | K26: =IFERROR(J26/E26,0) -> 0.73895762 | L26: =Notes!$B$3 -> 0.7 | M26: =(K26-L26)*100 -> 3.8957615 | N26: =IF(K26>=L26,"At or above","Below") -> At or above
A27: 23 | B27: Toyota Henderson | C27: Non-luxury | D27: Yes | E27: 211.26 | H27: 3950385 | I27: 25560.25 | J27: =IFERROR(H27/I27,0) -> 154.55189 | K27: =IFERROR(J27/E27,0) -> 0.73157195 | L27: =Notes!$B$3 -> 0.7 | M27: =(K27-L27)*100 -> 3.1571952 | N27: =IF(K27>=L27,"At or above","Below") -> At or above
A28: 24 | B28: Honda Henderson | C28: Non-luxury | D28: Yes | E28: 211.87 | H28: 2208013.3 | I28: 14388.82 | J28: =IFERROR(H28/I28,0) -> 153.45339 | K28: =IFERROR(J28/E28,0) -> 0.7242809 | L28: =Notes!$B$3 -> 0.7 | M28: =(K28-L28)*100 -> 2.4280897 | N28: =IF(K28>=L28,"At or above","Below") -> At or above
A29: 25 | B29: Honda North | C29: Non-luxury | D29: Yes | E29: 211.87 | H29: 1543353.3 | I29: 10309.83 | J29: =IFERROR(H29/I29,0) -> 149.69726 | K29: =IFERROR(J29/E29,0) -> 0.7065524 | L29: =Notes!$B$3 -> 0.7 | M29: =(K29-L29)*100 -> 0.65523995 | N29: =IF(K29>=L29,"At or above","Below") -> At or above
A30: 26 | B30: Kia LV | C30: Non-luxury | D30: Yes | E30: 219.87 | H30: 646918.03 | I30: 4292.09 | J30: =IFERROR(H30/I30,0) -> 150.72331 | K30: =IFERROR(J30/E30,0) -> 0.68551105 | L30: =Notes!$B$3 -> 0.7 | M30: =(K30-L30)*100 -> -1.4488951 | N30: =IF(K30>=L30,"At or above","Below") -> Below
A31: 27 | B31: Lincoln | C31: Luxury | D31: No | E31: 244.87 | H31: 360172.43 | I31: 2153.85 | J31: =IFERROR(H31/I31,0) -> 167.22262 | K31: =IFERROR(J31/E31,0) -> 0.68290364 | L31: =Notes!$B$3 -> 0.7 | M31: =(K31-L31)*100 -> -1.7096356 | N31: =IF(K31>=L31,"At or above","Below") -> Below
A32: 28 | B32: Toyota Spokane | C32: Non-luxury | D32: No | E32: 185 | H32: 1074457.1 | I32: 8600.97 | J32: =IFERROR(H32/I32,0) -> 124.92278 | K32: =IFERROR(J32/E32,0) -> 0.67525828 | L32: =Notes!$B$3 -> 0.7 | M32: =(K32-L32)*100 -> -2.4741719 | N32: =IF(K32>=L32,"At or above","Below") -> Below
A33: 29 | B33: GMC Prescott | C33: Non-luxury | D33: No | E33: 220 | F33: 230 | G33: EV | H33: 326003.27 | I33: 2218.87 | J33: =IFERROR(H33/I33,0) -> 146.92311 | K33: =IFERROR(J33/E33,0) -> 0.6678323 | L33: =Notes!$B$3 -> 0.7 | M33: =(K33-L33)*100 -> -3.2167705 | N33: =IF(K33>=L33,"At or above","Below") -> Below
A34: 30 | B34: Subaru Prescott | C34: Non-luxury | D34: No | E34: 210 | H34: 380617.66 | I34: 2722.47 | J34: =IFERROR(H34/I34,0) -> 139.80601 | K34: =IFERROR(J34/E34,0) -> 0.66574289 | L34: =Notes!$B$3 -> 0.7 | M34: =(K34-L34)*100 -> -3.4257109 | N34: =IF(K34>=L34,"At or above","Below") -> Below
A35: 31 | B35: Chevy LV | C35: Non-luxury | D35: Yes | E35: 224.87 | F35: 264.87 | G35: Diesel/Corvette | H35: 2196459.1 | I35: 15019 | J35: =IFERROR(H35/I35,0) -> 146.24536 | K35: =IFERROR(J35/E35,0) -> 0.65035514 | L35: =Notes!$B$3 -> 0.7 | M35: =(K35-L35)*100 -> -4.9644859 | N35: =IF(K35>=L35,"At or above","Below") -> Below
A36: 32 | B36: Hyundai Prescott | C36: Non-luxury | D36: No | E36: 210 | H36: 159689.18 | I36: 1173.13 | J36: =IFERROR(H36/I36,0) -> 136.12232 | K36: =IFERROR(J36/E36,0) -> 0.64820153 | L36: =Notes!$B$3 -> 0.7 | M36: =(K36-L36)*100 -> -5.1798465 | N36: =IF(K36>=L36,"At or above","Below") -> Below
A37: 33 | B37: Cadillac | C37: Luxury | D37: Yes | E37: 285 | H37: 750222.83 | I37: 4275.4 | J37: =IFERROR(H37/I37,0) -> 175.4743 | K37: =IFERROR(J37/E37,0) -> 0.6156993 | L37: =Notes!$B$3 -> 0.7 | M37: =(K37-L37)*100 -> -8.4300695 | N37: =IF(K37>=L37,"At or above","Below") -> Below
B38: Group (33 stores) | D38: =COUNTIF(D5:D37,"Yes")&" grid / "&COUNTIF(D5:D37,"No")&" no grid" -> 17 grid / 16 no grid | E38: =SUMPRODUCT(E5:E37,I5:I37)/SUM(I5:I37) -> 218.81887 | H38: =SUM(H5:H37) -> 28958683 | I38: =SUM(I5:I37) -> 176935.43 | J38: =IFERROR(H38/I38,0) -> 163.66809 | K38: =IFERROR(J38/E38,0) -> 0.74796147 | L38: =Notes!$B$3 -> 0.7 | M38: =(K38-L38)*100 -> 4.7961466 | N38: =COUNTIF(N5:N37,"At or above")&" of 33 at or above" -> 25 of 33 at or above
B40: Source: Qlik - Closed Repair Orders (CP, Jul-Sep 2026, same-store, GMC Prescott body shop out); store door rate sheet, Oct 15 2026. See Notes.

Sheet Grid vs No Grid
A1: Labor Grid vs No Grid
A2: CP ELR July-September 2026; door rates weighted by CP sold hours
A4: Pricing | B4: Stores | C4: Door Rate, Hours-Weighted ($/hr) | D4: CP ELR ($/hr) | E4: ELR % of Door Rate | F4: Stores at or Above Target
A5: Labor grid | B5: =COUNTIF('Door Rates & ELR'!$D$5:$D$37,"Yes") -> 17 | C5: =SUMPRODUCT(('Door Rates & ELR'!$D$5:$D$37="Yes")*'Door Rates & ELR'!$E$5:$E$37*'Door Rates & ELR'!$I$5:$I$37)/SUMIF('Door Rates & ELR'!$D$5:$D$37,"Yes",'Door Rates & ELR'!$I$5:$I$37) -> 228.55275 | D5: =SUMIF('Door Rates & ELR'!$D$5:$D$37,"Yes",'Door Rates & ELR'!$H$5:$H$37)/SUMIF('Door Rates & ELR'!$D$5:$D$37,"Yes",'Door Rates & ELR'!$I$5:$I$37) -> 168.9272 | E5: =IFERROR(D5/C5,0) -> 0.73911692 | F5: =COUNTIFS('Door Rates & ELR'!$D$5:$D$37,"Yes",'Door Rates & ELR'!$N$5:$N$37,"At or above") -> 14
A6: No grid (flat door rate) | B6: =COUNTIF('Door Rates & ELR'!$D$5:$D$37,"No") -> 16 | C6: =SUMPRODUCT(('Door Rates & ELR'!$D$5:$D$37="No")*'Door Rates & ELR'!$E$5:$E$37*'Door Rates & ELR'!$I$5:$I$37)/SUMIF('Door Rates & ELR'!$D$5:$D$37,"No",'Door Rates & ELR'!$I$5:$I$37) -> 202.83269 | D6: =SUMIF('Door Rates & ELR'!$D$5:$D$37,"No",'Door Rates & ELR'!$H$5:$H$37)/SUMIF('Door Rates & ELR'!$D$5:$D$37,"No",'Door Rates & ELR'!$I$5:$I$37) -> 155.03091 | E6: =IFERROR(D6/C6,0) -> 0.764329 | F6: =COUNTIFS('Door Rates & ELR'!$D$5:$D$37,"No",'Door Rates & ELR'!$N$5:$N$37,"At or above") -> 11
A7: All 33 stores | B7: =B5+B6 -> 33 | C7: =SUMPRODUCT('Door Rates & ELR'!$E$5:$E$37,'Door Rates & ELR'!$I$5:$I$37)/SUM('Door Rates & ELR'!$I$5:$I$37) -> 218.81887 | D7: =SUM('Door Rates & ELR'!$H$5:$H$37)/SUM('Door Rates & ELR'!$I$5:$I$37) -> 163.66809 | E7: =IFERROR(D7/C7,0) -> 0.74796147 | F7: =F5+F6 -> 25

Sheet Notes
A1: Notes and definitions
A3: ELR % of door rate target | B3: 0.7
A5: Door rate | B5: Standard customer-pay labor rate from the store door rate sheet (Oct 15, 2026). Premium, EV, diesel and specialty rates are listed separately and are not used in the ELR % calculation.
A6: Labor grid | B6: Yes = the store prices customer-pay labor on a labor grid; No = a flat door rate. From the same door rate sheet.
A7: CP ELR | B7: Effective labor rate = customer-pay labor sale / customer-pay sold hours, July-September 2026 (the last three closed months, to match current door rates).
A8: ELR % of door rate | B8: CP ELR / standard door rate: how much of the posted rate the store actually collects per hour sold. Discounts, menu pricing, grid steps and labor-time give-aways all show up here.
A9: Group figures | B9: Group ELR = total labor sale / total sold hours. Group door rate = door rates weighted by each store's CP sold hours, so busier stores count more.
A10: Rounding | B10: The deck truncates ELR % of door to one decimal (e.g. 74.79% shows as 74.7%); this workbook shows the exact value, so a figure can read 0.1 higher here.
A11: Basis | B11: Qlik - Closed Repair Orders, customer pay, by close date. 33 stores (INEOS excluded, opened 2026). GMC Prescott body shop labor types excluded.
A12: Inputs | B12: Blue numbers are inputs from the sources above; black cells are formulas. Edit the yellow target cell to test another benchmark.
